<?xml version="1.0" encoding="UTF-8"?>
<ti:app xmlns:ti="http://ti.appcelerator.org">
    <property name="acs-oauth-secret-production" type="string">Mb2pQmuuSixNgTdkrHNUGqJaELsoAA6H</property>
    <property name="acs-oauth-key-production" type="string">9Qrch842rGzf0U1mMZXt9JkUvyUCVsb6</property>
    <property name="acs-api-key-production" type="string">hzkP7GOrdxRMf8FvBGbUU0ohPVPtT7bl</property>
    <property name="acs-oauth-secret-development" type="string">Ge1QL4MpGvfLWPQpuOGjjw3kpsim7TF5</property>
    <property name="acs-oauth-key-development" type="string">ddl5tOjGecyesDCzo7yiIkTi8f0mEDpo</property>
    <property name="acs-api-key-development" type="string">4I5heRK8wjOJvaiwRNc2WCdM83PhfeNB</property>
    <id>com.oregonstate.mobilecloud</id>
    <name>project2</name>
    <version>1.0</version>
    <publisher>austin.dubina</publisher>
    <url>http://</url>
    <description>not specified</description>
    <copyright>2014 by austin.dubina</copyright>
    <icon>appicon.png</icon>
    <fullscreen>false</fullscreen>
    <navbar-hidden>false</navbar-hidden>
    <analytics>true</analytics>
    <guid>a2a250b6-f90c-4e18-8d40-74516b80019f</guid>
    <property name="ti.ui.defaultunit" type="string">dp</property>
    <ios>
        <plist>
            <dict>
                <key>UISupportedInterfaceOrientations~iphone</key>
                <array>
                    <string>UIInterfaceOrientationPortrait</string>
                </array>
                <key>UISupportedInterfaceOrientations~ipad</key>
                <array>
                    <string>UIInterfaceOrientationPortrait</string>
                    <string>UIInterfaceOrientationPortraitUpsideDown</string>
                    <string>UIInterfaceOrientationLandscapeLeft</string>
                    <string>UIInterfaceOrientationLandscapeRight</string>
                </array>
                <key>UIRequiresPersistentWiFi</key>
                <false/>
                <key>UIPrerenderedIcon</key>
                <false/>
                <key>UIStatusBarHidden</key>
                <false/>
                <key>UIStatusBarStyle</key>
                <string>UIStatusBarStyleDefault</string>
            </dict>
        </plist>
    </ios>
    <android xmlns:android="http://schemas.android.com/apk/res/android"/>
    <mobileweb>
        <precache/>
        <splash>
            <enabled>true</enabled>
            <inline-css-images>true</inline-css-images>
        </splash>
        <theme>default</theme>
    </mobileweb>
    <modules>
        <module platform="commonjs">ti.cloud</module>
        <module platform="iphone">ti.map</module>
        <module platform="android">ti.map</module>
    </modules>
    <deployment-targets>
        <target device="android">false</target>
        <target device="blackberry">false</target>
        <target device="ipad">true</target>
        <target device="iphone">true</target>
        <target device="mobileweb">true</target>
        <target device="tizen">false</target>
    </deployment-targets>
    <sdk-version>3.2.1.GA</sdk-version>
</ti:app>
